<?xml version="1.0" encoding="UTF-8"?>
<!DOCTYPE suite SYSTEM "https://testng.org/testng-1.0.dtd">
<suite name="Suite">
  <test thread-count="5" name="Test">
  <groups>
  		<run>
  			<include name="sanity"></include>
  			<include name="functional"></include>
  			<exclude name="regression"></exclude>
  		</run>
  </groups>
    <classes>
      <class name="GROUPS_IN_TESTNG.LOGIN_SANITY"/>
      <class name="GROUPS_IN_TESTNG.SIGNUP_REGRESSION"/>
      <class name="GROUPS_IN_TESTNG.PAYMENT_FUNCTIONAL"/> 
    </classes>
  </test> <!-- Test -->
</suite> <!-- Suite -->
