<?xml version="1.0" encoding="UTF-8"?>
<!DOCTYPE suite SYSTEM "https://testng.org/testng-1.0.dtd">
<suite name="Suite">
  <test thread-count="5" name="Test1">
  	<parameter name = "browser" value = "chrome"/>
  	<parameter name="url" value="https://opensource-demo.orangehrmlive.com/web/index.php/auth/login"></parameter>
    <classes>
      <class name="DataProvider_TestNG_Demo.Data_Provider"/>
    </classes>
  </test> <!-- Test -->
  
  <test thread-count="5" name="Test2">
  	<parameter name = "browser" value = "edge"/>
  	<parameter name="url" value="https://opensource-demo.orangehrmlive.com/web/index.php/auth/login"></parameter>
    <classes>
      <class name="DataProvider_TestNG_Demo.Data_Provider"/>
    </classes>
  </test> <!-- Test -->
</suite> <!-- Suite -->
